{
  "k1": {
    "p95": 0.11088640242815018,
    "p97_5": 0.12211225181818008,
    "p99": 0.13822686672210693,
    "p99_5": 0.15024296939373016,
    "p99_7": 0.1562396138906479,
    "p99_9": 0.16473491489887238
  },
  "k3": {
    "p95": 0.11577531695365906,
    "p97_5": 0.12839914858341217,
    "p99": 0.14426827430725098,
    "p99_5": 0.15622875094413757,
    "p99_7": 0.16101986169815063,
    "p99_9": 0.16749735176563263
  },
  "k5": {
    "p95": 0.11937740445137024,
    "p97_5": 0.1349485218524933,
    "p99": 0.15143916010856628,
    "p99_5": 0.16177931427955627,
    "p99_7": 0.16733770072460175,
    "p99_9": 0.17094500362873077
  },
  "k10": {
    "p95": 0.1245126724243164,
    "p97_5": 0.14441515505313873,
    "p99": 0.1631719172000885,
    "p99_5": 0.17284995317459106,
    "p99_7": 0.1773177832365036,
    "p99_9": 0.18512989580631256
  },
  "k20": {
    "p95": 0.131768137216568,
    "p97_5": 0.15640604496002197,
    "p99": 0.17504851520061493,
    "p99_5": 0.18207117915153503,
    "p99_7": 0.19173087179660797,
    "p99_9": 0.20470893383026123
  },
  "threshold_format_version": "deep_thresholds_v2_raw_and_causal_smoothed",
  "legacy_top_level_thresholds_are": "raw_calibration_scores",
  "thresholds_by_score_mode": {
    "raw": {
      "k1": {
        "p95": 0.11088640242815018,
        "p97_5": 0.12211225181818008,
        "p99": 0.13822686672210693,
        "p99_5": 0.15024296939373016,
        "p99_7": 0.1562396138906479,
        "p99_9": 0.16473491489887238
      },
      "k3": {
        "p95": 0.11577531695365906,
        "p97_5": 0.12839914858341217,
        "p99": 0.14426827430725098,
        "p99_5": 0.15622875094413757,
        "p99_7": 0.16101986169815063,
        "p99_9": 0.16749735176563263
      },
      "k5": {
        "p95": 0.11937740445137024,
        "p97_5": 0.1349485218524933,
        "p99": 0.15143916010856628,
        "p99_5": 0.16177931427955627,
        "p99_7": 0.16733770072460175,
        "p99_9": 0.17094500362873077
      },
      "k10": {
        "p95": 0.1245126724243164,
        "p97_5": 0.14441515505313873,
        "p99": 0.1631719172000885,
        "p99_5": 0.17284995317459106,
        "p99_7": 0.1773177832365036,
        "p99_9": 0.18512989580631256
      },
      "k20": {
        "p95": 0.131768137216568,
        "p97_5": 0.15640604496002197,
        "p99": 0.17504851520061493,
        "p99_5": 0.18207117915153503,
        "p99_7": 0.19173087179660797,
        "p99_9": 0.20470893383026123
      }
    },
    "gaussian_sigma_1": {
      "k1": {
        "p95": 0.10150090944240453,
        "p97_5": 0.11213207718269803,
        "p99": 0.1220543276420907,
        "p99_5": 0.12725111917303236,
        "p99_7": 0.1324033252684063,
        "p99_9": 0.13968394187232303
      },
      "k3": {
        "p95": 0.10639355897647518,
        "p97_5": 0.11698434864013631,
        "p99": 0.12838935813878208,
        "p99_5": 0.13293724511642713,
        "p99_7": 0.13780810430649526,
        "p99_9": 0.14584890397416075
      },
      "k5": {
        "p95": 0.1099132120144354,
        "p97_5": 0.12110362982361336,
        "p99": 0.1361620274864472,
        "p99_5": 0.14115845776681163,
        "p99_7": 0.1425183388566061,
        "p99_9": 0.1502346742613844
      },
      "k10": {
        "p95": 0.11618453279720718,
        "p97_5": 0.12760493497737,
        "p99": 0.14609888131028523,
        "p99_5": 0.15358598424430156,
        "p99_7": 0.1559325030591793,
        "p99_9": 0.16195337715250885
      },
      "k20": {
        "p95": 0.12307050213058769,
        "p97_5": 0.13559412710125837,
        "p99": 0.15854408623577668,
        "p99_5": 0.1678385797363348,
        "p99_7": 0.17091589874371696,
        "p99_9": 0.1761626417952575
      }
    },
    "gaussian_sigma_2": {
      "k1": {
        "p95": 0.09821959298822278,
        "p97_5": 0.10767764837049791,
        "p99": 0.11669759375712557,
        "p99_5": 0.12133572556038741,
        "p99_7": 0.1269203679842909,
        "p99_9": 0.13247596588242921
      },
      "k3": {
        "p95": 0.10255085792721887,
        "p97_5": 0.11324238198207864,
        "p99": 0.12343650241320603,
        "p99_5": 0.1297495542327288,
        "p99_7": 0.13064446538075233,
        "p99_9": 0.13879759826975038
      },
      "k5": {
        "p95": 0.10653559425727421,
        "p97_5": 0.11676865529055269,
        "p99": 0.12827673479900112,
        "p99_5": 0.13715376859580033,
        "p99_7": 0.14042321942697136,
        "p99_9": 0.14226507056405377
      },
      "k10": {
        "p95": 0.11217280952638074,
        "p97_5": 0.12332730260171745,
        "p99": 0.1374417290443047,
        "p99_5": 0.1461859726035543,
        "p99_7": 0.1528189039251937,
        "p99_9": 0.15665629677362472
      },
      "k20": {
        "p95": 0.11887047884273175,
        "p97_5": 0.13155957892194878,
        "p99": 0.14751037896784353,
        "p99_5": 0.15820080202048037,
        "p99_7": 0.16751023085203873,
        "p99_9": 0.17222902371159834
      }
    },
    "gaussian_sigma_3": {
      "k1": {
        "p95": 0.09622387432164842,
        "p97_5": 0.10600173963618462,
        "p99": 0.11425690059335286,
        "p99_5": 0.11911932389335503,
        "p99_7": 0.12324647296700518,
        "p99_9": 0.12925142720303803
      },
      "k3": {
        "p95": 0.10099211420509432,
        "p97_5": 0.11150703690887542,
        "p99": 0.1213243675357918,
        "p99_5": 0.12710268722448048,
        "p99_7": 0.1293119643036188,
        "p99_9": 0.13460099413237123
      },
      "k5": {
        "p95": 0.10443420583280154,
        "p97_5": 0.11580468265358004,
        "p99": 0.12567089810047213,
        "p99_5": 0.13317112583483043,
        "p99_7": 0.13934033895338177,
        "p99_9": 0.1406017817891354
      },
      "k10": {
        "p95": 0.1108030874372964,
        "p97_5": 0.1226564572982671,
        "p99": 0.13386186595579128,
        "p99_5": 0.1412248006457501,
        "p99_7": 0.14704114081133846,
        "p99_9": 0.15610767431119082
      },
      "k20": {
        "p95": 0.11736699106589156,
        "p97_5": 0.13048771687462568,
        "p99": 0.14453440715814664,
        "p99_5": 0.15121572648939455,
        "p99_7": 0.1601177909764957,
        "p99_9": 0.17177432959460917
      }
    }
  },
  "score_mode_notes": {
    "raw": "Thresholds computed from raw calibration kNN scores.",
    "gaussian_sigma_X": "Thresholds computed from causal-smoothed calibration kNN scores using the same sigma X."
  }
}