{
  "k1": {
    "p95": 0.11088640242815018,
    "p97_5": 0.12211225181818008,
    "p99": 0.13822686672210693,
    "p99_5": 0.15024296939373016,
    "p99_7": 0.1562396138906479,
    "p99_9": 0.16473491489887238
  },
  "k3": {
    "p95": 0.11577531695365906,
    "p97_5": 0.12839914858341217,
    "p99": 0.14426827430725098,
    "p99_5": 0.15622875094413757,
    "p99_7": 0.16101986169815063,
    "p99_9": 0.16749735176563263
  },
  "k5": {
    "p95": 0.11937740445137024,
    "p97_5": 0.1349485218524933,
    "p99": 0.15143916010856628,
    "p99_5": 0.16177931427955627,
    "p99_7": 0.16733770072460175,
    "p99_9": 0.17094500362873077
  },
  "k10": {
    "p95": 0.1245126724243164,
    "p97_5": 0.14441515505313873,
    "p99": 0.1631719172000885,
    "p99_5": 0.17284995317459106,
    "p99_7": 0.1773177832365036,
    "p99_9": 0.18512989580631256
  },
  "k20": {
    "p95": 0.131768137216568,
    "p97_5": 0.15640604496002197,
    "p99": 0.17504851520061493,
    "p99_5": 0.18207117915153503,
    "p99_7": 0.19173087179660797,
    "p99_9": 0.20470893383026123
  }
}