{
  "status": "done",
  "processed_dir": "D:\\Embeddings_Distribution\\processed_dataset_deep_from_motion_tubelets_liveparity_2p5fps_16f_s8_50vid",
  "output_dir": "D:\\Embeddings_Distribution\\normality_models\\deep_gate\\deep_branch_artifacts_v5_liveparity_2p5fps_16f_s8_causal_smooth_thresholds",
  "embeddings_path": "D:\\Embeddings_Distribution\\processed_dataset_deep_from_motion_tubelets_liveparity_2p5fps_16f_s8_50vid\\embeddings\\person_embeddings.npy",
  "metadata_path": "D:\\Embeddings_Distribution\\processed_dataset_deep_from_motion_tubelets_liveparity_2p5fps_16f_s8_50vid\\embeddings\\union_embedding_metadata.csv",
  "validation": {
    "raw_embedding_shape": [
      23516,
      768
    ],
    "raw_metadata_rows": 23516,
    "metadata_rows_with_valid_person_embedding_index": 23516,
    "aligned_rows_before_cleaning": 23516,
    "removed_non_finite": 0,
    "removed_near_zero_norm": 0,
    "removed_near_zero_std": 0,
    "removed_person_valid_false": 0,
    "rows_after_cleaning": 23516,
    "embedding_norm_min": 12.521894454956055,
    "embedding_norm_max": 14.452458381652832,
    "embedding_norm_mean": 13.76952838897705,
    "embedding_norm_median": 13.803947448730469,
    "embedding_norm_std": 0.24365997314453125,
    "missing_recommended_metadata_columns": []
  },
  "split": {
    "split_unit": "video_id",
    "random_seed": 42,
    "total_videos": 45,
    "train_videos": [
      "20260315_140839_tp00037.mp4",
      "20260315_164044_tp00039.mp4",
      "20260316_091611_tp00040.mp4",
      "20260316_103018_tp00041.mp4",
      "20260316_113834_tp00042.mp4",
      "20260316_135625_tp00044.mp4",
      "20260316_150949_tp00045.mp4",
      "20260317_132711_tp00051.mp4",
      "20260317_143753_tp00052.mp4",
      "20260317_155412_tp00053.mp4",
      "20260318_094559_tp00055.mp4",
      "20260318_105945_tp00056.mp4",
      "20260318_133129_tp00058.mp4",
      "20260318_144928_tp00059.mp4",
      "20260318_160632_tp00060.mp4",
      "20260319_114626_tp00063.mp4",
      "20260328_083038_tp00068.mp4",
      "20260328_124451_tp00069.mp4",
      "20260329_091145_tp00070.mp4",
      "20260329_102853_tp00071.mp4",
      "20260329_113749_tp00072.mp4",
      "20260329_125235_tp00073.mp4",
      "20260329_151410_tp00075.mp4",
      "20260329_163101_tp00076.mp4",
      "20260330_101231_tp00078.mp4",
      "20260330_113045_tp00079.mp4",
      "20260330_124800_tp00080.mp4",
      "20260330_140516_tp00081.mp4",
      "20260330_151820_tp00082.mp4",
      "20260330_163251_tp00083.mp4",
      "20260331_100731_tp00085.mp4"
    ],
    "calibration_videos": [
      "20260315_093203_tp00034.mp4",
      "20260316_162442_tp00046.mp4",
      "20260317_090032_tp00047.mp4",
      "20260317_112759_tp00049.mp4",
      "20260317_122808_tp00050.mp4",
      "20260318_081214_tp00054.mp4",
      "20260318_121418_tp00057.mp4"
    ],
    "normal_test_videos": [
      "20260315_104219_tp00035.mp4",
      "20260315_130536_tp00036.mp4",
      "20260316_124453_tp00043.mp4",
      "20260317_101644_tp00048.mp4",
      "20260329_140358_tp00074.mp4",
      "20260330_084016_tp00077.mp4",
      "20260331_083223_tp00084.mp4"
    ],
    "train_video_count": 31,
    "calibration_video_count": 7,
    "normal_test_video_count": 7,
    "train_rows": 12088,
    "calibration_rows": 5658,
    "normal_test_rows": 5770
  },
  "selected": {
    "selected_model": "deep_knn_l2",
    "selected_k": 5,
    "selected_threshold_percentile": 99.5,
    "selected_threshold_key": "p99_5",
    "selected_threshold_value": 0.13715376859580033,
    "selected_threshold_source_mode": "gaussian_sigma_2",
    "normalization": "l2",
    "distance_metric": "euclidean",
    "score_method": "mean_distance_to_k_neighbors",
    "smoothing_or_event_logic": {
      "method": "gaussian_then_persistence",
      "gaussian_sigma_tubelets": 2.0,
      "persistence_window": 5,
      "persistence_required_hits": 3,
      "min_event_gap_sec": 5.0
    },
    "normal_test_evaluation_for_selected_threshold": {
      "k": 5,
      "score_mode": "gaussian_sigma_2",
      "threshold_source_mode": "gaussian_sigma_2",
      "gaussian_sigma_tubelets": 2.0,
      "threshold_percentile": 99.5,
      "threshold_key": "p99_5",
      "threshold_value": 0.13715376859580033,
      "normal_test_tubelets": 5770,
      "false_alarm_tubelets_before_persistence": 18,
      "false_alarm_rate_percent_before_persistence": 0.3119584055459272,
      "max_false_alarm_streak_before_persistence": 5,
      "persistence_window": 5,
      "persistence_required_hits": 3,
      "min_event_gap_sec": 5.0,
      "false_alarm_events_after_persistence": 4
    },
    "artifacts": {
      "knn_index": "D:\\Embeddings_Distribution\\normality_models\\deep_gate\\deep_branch_artifacts_v5_liveparity_2p5fps_16f_s8_causal_smooth_thresholds\\models\\03_knn_index.joblib",
      "thresholds": "D:\\Embeddings_Distribution\\normality_models\\deep_gate\\deep_branch_artifacts_v5_liveparity_2p5fps_16f_s8_causal_smooth_thresholds\\04_thresholds.json",
      "calibration_scores": "D:\\Embeddings_Distribution\\normality_models\\deep_gate\\deep_branch_artifacts_v5_liveparity_2p5fps_16f_s8_causal_smooth_thresholds\\scores\\04_calibration_scores.csv",
      "normal_test_scores_raw": "D:\\Embeddings_Distribution\\normality_models\\deep_gate\\deep_branch_artifacts_v5_liveparity_2p5fps_16f_s8_causal_smooth_thresholds\\scores\\05_normal_test_scores.csv",
      "normal_test_scores_with_gaussian": "D:\\Embeddings_Distribution\\normality_models\\deep_gate\\deep_branch_artifacts_v5_liveparity_2p5fps_16f_s8_causal_smooth_thresholds\\scores\\05_normal_test_scores_with_gaussian.csv",
      "top_abnormal_normal_tubelets": "D:\\Embeddings_Distribution\\normality_models\\deep_gate\\deep_branch_artifacts_v5_liveparity_2p5fps_16f_s8_causal_smooth_thresholds\\06_top_abnormal_normal_tubelets.csv",
      "videomae_suitability_report": "D:\\Embeddings_Distribution\\normality_models\\deep_gate\\deep_branch_artifacts_v5_liveparity_2p5fps_16f_s8_causal_smooth_thresholds\\07_videomae_suitability_report.json"
    }
  },
  "videomae_suitability": {
    "verdict": "not_proven_or_problematic",
    "important_limit": "This is normal-only validation. It can prove stability and low false alarms, but it cannot prove anomaly recall without abnormal test clips or visual inspection of top outliers.",
    "primary_k": 5,
    "selected_score_column": "deep_knn_score_k5_gauss_s2_0",
    "selected_gaussian_sigma_tubelets": 2.0,
    "calibration_vs_normal_test": {
      "calibration_median_raw": 0.06562173366546631,
      "normal_test_median_raw": 0.06380632147192955,
      "median_ratio_test_over_calibration": 0.9723351991461919,
      "calibration_p99_raw": 0.1514391143620015,
      "normal_test_p99_raw": 0.13894351616501832,
      "p99_ratio_test_over_calibration": 0.917487643468955,
      "ks_statistic_raw": 0.09559372995583626
    },
    "selected_false_alarm_evaluation": {
      "k": 5,
      "score_mode": "gaussian_sigma_2",
      "threshold_source_mode": "gaussian_sigma_2",
      "gaussian_sigma_tubelets": 2.0,
      "threshold_percentile": 99.5,
      "threshold_key": "p99_5",
      "threshold_value": 0.13715376859580033,
      "normal_test_tubelets": 5770,
      "false_alarm_tubelets_before_persistence": 18,
      "false_alarm_rate_percent_before_persistence": 0.3119584055459272,
      "max_false_alarm_streak_before_persistence": 5,
      "persistence_window": 5,
      "persistence_required_hits": 3,
      "min_event_gap_sec": 5.0,
      "false_alarm_events_after_persistence": 4
    },
    "artifact_correlation_abs_pearson": {
      "mean_conf": 0.2325451302446961,
      "min_conf": 0.18066476282753066,
      "mean_bbox_area_ratio": 0.06797363259787369,
      "mean_iou": 0.1282779305875651,
      "max_center_jump_ratio": 0.1814816980211103,
      "clip_span_sec": 0.0728492298023492,
      "clip_duration_sec": 0.0728492298023492
    },
    "max_artifact_correlation_abs_pearson": 0.2325451302446961,