video_id,track_id,tubelet_id,event_time_sec,start_time_sec,end_time_sec,hits_in_window
20260329_140358_tp00074.mp4,697,homography_macro__20260329_140358_tp00074.mp4__track697__t19776_19866__00017664,1384.320551414833,1384.320551414833,1390.6205539243058,3
