{
  "train_smooth": {
    "count": 12088.0,
    "mean": -2.6650515254507474,
    "std": 6.727063926088176,
    "min": -14.641565445523572,
    "25%": -8.877143520706188,
    "50%": -2.973407041534977,
    "75%": 2.917343117686976,
    "max": 26.999919591983826
  },
  "calibration_smooth": {
    "count": 5657.0,
    "mean": -1.3965651038718003,
    "std": 6.808403729603104,
    "min": -14.140060453235211,
    "25%": -7.350591590496099,
    "50%": -1.2931057797856613,
    "75%": 4.019198106683124,
    "max": 25.148457839972203
  },
  "normal_test_smooth": {
    "count": 5759.0,
    "mean": -1.7802727183446883,
    "std": 6.7709479681794775,
    "min": -13.884862514042606,
    "25%": -7.695008584088363,
    "50%": -2.0054097020538806,
    "75%": 3.4446307626392296,
    "max": 23.841558675084848
  }
}