{
  "macro_speed_mean_mps": {
    "count": 23504.0,
    "mean": 0.07230936735868454,
    "std": 0.14140275120735168,
    "min": 1.5399962924056578e-16,
    "25%": 0.008842855226248503,
    "50%": 0.020097997970879078,
    "75%": 0.06680473312735558,
    "max": 1.5191402435302734
  },
  "macro_speed_median_mps": {
    "count": 23504.0,
    "mean": 0.051536574959754944,
    "std": 0.13217630982398987,
    "min": 0.0,
    "25%": 0.005218757200054824,
    "50%": 0.012165974359959364,
    "75%": 0.03337911795824766,
    "max": 1.751607060432434
  },
  "macro_speed_p95_mps": {
    "count": 23504.0,
    "mean": 0.18337413668632507,
    "std": 0.315023273229599,
    "min": 6.687298119397507e-16,
    "25%": 0.02157039474695921,
    "50%": 0.05155990272760391,
    "75%": 0.1969565488398075,
    "max": 2.9561660289764404
  },
  "macro_accel_p95_mps2": {
    "count": 23504.0,
    "mean": 0.3196176290512085,
    "std": 0.5404446721076965,
    "min": 1.9867600352564555e-15,
    "25%": 0.0417301869019866,
    "50%": 0.10020093619823456,
    "75%": 0.3416452929377556,
    "max": 5.799797058105469
  },
  "macro_straightness_ratio": {
    "count": 23504.0,
    "mean": 0.4755886495113373,
    "std": 0.2778319716453552,
    "min": 0.0,
    "25%": 0.23235925659537315,
    "50%": 0.4576975554227829,
    "75%": 0.717233270406723,
    "max": 0.9986021518707275
  },
  "macro_direction_change_mean_rad": {
    "count": 23504.0,
    "mean": 0.8280314207077026,
    "std": 0.2504286468029022,
    "min": 0.04167228192090988,
    "25%": 0.671201765537262,
    "50%": 0.829061359167099,
    "75%": 0.9883582592010498,
    "max": 1.8641576766967773
  },
  "macro_stationary_step_ratio": {
    "count": 23504.0,
    "mean": 0.7712588310241699,
    "std": 0.28709641098976135,
    "min": 0.0,
    "25%": 0.6000000238418579,
    "50%": 0.9333333373069763,
    "75%": 1.0,
    "max": 1.0
  }
}