{
  "person": {
    "p90": 95.44203186035159,
    "p95": 112.65796165466308,
    "p97": 124.76748878479003,
    "p99": 147.19437301635742,
    "p99_5": 160.3148888397216
  },
  "context": {
    "p90": 96.31218490600594,
    "p95": 116.06467895507812,
    "p97": 130.36282379150387,
    "p99": 156.26669860839843,
    "p99_5": 170.02861167907696
  },
  "person_normalized": {
    "p90": 1.4605751822007935,
    "p95": 2.128448762592916,
    "p97": 2.598224913976023,
    "p99": 3.4682518975738366,
    "p99_5": 3.9772482738507167
  },
  "context_normalized": {
    "p90": 1.5304512330186992,
    "p95": 2.3053985437255187,
    "p97": 2.866356003657279,
    "p99": 3.8826397233924816,
    "p99_5": 4.4225592645809675
  },
  "final": {
    "p90": 1.4551861685775136,
    "p95": 2.109360916736318,
    "p97": 2.5629648557563884,
    "p99": 3.353527352654107,
    "p99_5": 3.8305112845348073
  },
  "recommended_candidate_threshold": {
    "name": "final.p99",
    "value": 3.353527352654107,
    "comment": "Start with final.p99. Use p99_5 if too many candidates; use p97 if too few candidates."
  }
}